address,share,tag,additional_data
0x010bb700d230644a0da1c90e1874d312fbe28612,0.003484320557,sdvt,{}
0x039abddbaf885513e4c034059986e0fe0473e33a,0.003484320557,sdvt,{}
0x03d825a2ad0534e39ec7e72e659ad520e9130d98,0.006968641115,sdvt,{}
0x05ca82f89f662962018130cd0707d12c73ab62d4,0.003484320557,sdvt,{}
0x063882309dff155ad967bcf08db42e0ee799b602,0.003484320557,sdvt,{}
0x067adbab7b27f9a1556436d38de21a3318121049,0.003484320557,sdvt,{}
0x06a2b9f378a0a25b70027d2f730278154406582e,0.006968641115,sdvt,{}
0x078b0b48afca88a54aff387da0b4647f0207f93b,0.003484320557,sdvt,{}
0x082a7114ceaf2f1853a6065efed4599e2ffd448b,0.003484320557,sdvt,{}
0x087c4e8d89c9697bcc8a7b5a2e23f34477b9e7f2,0.003484320557,sdvt,{}
0x0b1f9aaa9cc2c36e9eead3228c3a985748242185,0.003484320557,sdvt,{}
0x0b4d26b31d636b8fd2809e1c0803e0750c83274d,0.003484320557,sdvt,{}
0x0c8f3e3912f35a59ffddc9ff1abb8fafc89b29de,0.003484320557,sdvt,{}
0x0f1c130c52047c30a84d548ddeed9ddb2de983db,0.006968641115,sdvt,{}
0x10ee0af996da1e206d96402b4f16fa00818083e0,0.010452961672,sdvt,{}
0x1115f1d81a4027f5655b0955deb55c8a1c7ba6bf,0.003484320557,sdvt,{}
0x117bbed3a5d3dff1bd8e83693208ceaf70e0bed3,0.003484320557,sdvt,{}
0x12841562c7ec52a0c9d804d2e5107a153ced647f,0.003484320557,sdvt,{}
0x12afc6451f21feddeb1f732d6baa02684c258d9c,0.003484320557,sdvt,{}
0x13270b8f71598a5cb230b011544a97e5923e3972,0.003484320557,sdvt,{}
0x14b322a59ce3c3ad8343b035a3bfae09f73e8f3b,0.003484320557,sdvt,{}
0x14c5d9756a2443aed4c5dbe05ce39e1f1a27818a,0.003484320557,sdvt,{}
0x16028f81145cd5174e2a4389f203921d9048c6d7,0.003484320557,sdvt,{}
0x1619fea9581f747afa42aaadfab55226482bad7a,0.003484320557,sdvt,{}
0x17ec551be0f5422eb3d63b075f8b8619593b68b5,0.003484320557,sdvt,{}
0x18313412fdde30f42c385133907a9c22fdd7fbf8,0.003484320557,sdvt,{}
0x19460b640ea9d3cc0e545d6a86e3fd9ee08872c3,0.003484320557,sdvt,{}
0x1d2ce05cd6335691597925cf6d1ee1883ba210a2,0.003484320557,sdvt,{}
0x1ec3cbe8fb1d8019092500cca2111c158a35bc82,0.010452961672,sdvt,{}
0x201c0ac3f6899705a9068c3215baf7d294a85de4,0.003484320557,sdvt,{}
0x2182e01627dc99e5acb0ea04206e9990c69cebb8,0.003484320557,sdvt,{}
0x23461e24f1d7601a674ab672adee0b4459302214,0.003484320557,sdvt,{}
0x242c49ed7d519b4cabb734be68cb297cd62af109,0.003484320557,sdvt,{}
0x2462c818b7f8a075babc1d1188cb127c8121b2d3,0.003484320557,sdvt,{}
0x25109b421f7df83dcf025025c56358263189d347,0.003484320557,sdvt,{}
0x258cb32b1875168858e57bb31482054e008d344e,0.003484320557,sdvt,{}
0x26c8f09d794fb1b0333a5ef3123d523957bab6c8,0.003484320557,sdvt,{}
0x29d8049993582a8ef1619b44c3e855f23f1d1ada,0.003484320557,sdvt,{}
0x2b0acf7a618cfa4b6704a4d814c8925690cdc04b,0.003484320557,sdvt,{}
0x2c7c7dc74fb496c8c6881ed146f4a571a783aef4,0.003484320557,sdvt,{}
0x2c88db9e49f43a7525d693df6605b4fe07672f4a,0.003484320557,sdvt,{}
0x2dde4eefe48b040c2db25617f7da204c2fcac1d2,0.003484320557,sdvt,{}
0x3106c024b3e1d77ac8708befd003d230c9a51e31,0.003484320557,sdvt,{}
0x317c422ebf202211ba95e25f8cfeb2e04ebb19ef,0.006968641115,sdvt,{}
0x318d61847439855744987bec073dd98fe425ab91,0.003484320557,sdvt,{}
0x31b33f4aba5db939932e5cfebb71077107d5db57,0.003484320557,sdvt,{}
0x346d827a75f98f0a7a324ff80b7c3f90252e8bac,0.003484320557,sdvt,{}
0x34746d9a2f883bf6f1184d98aea454c06e65e103,0.003484320557,sdvt,{}
0x35921fb43cb92f5bfef7cba1e97eb5a21fc2d353,0.006968641115,sdvt,{}
0x37fe376f51585e5074e1373659453ffd56c5b9f7,0.003484320557,sdvt,{}
0x3b9988e318874e5a2fbf32e3521951756d4f43af,0.003484320557,sdvt,{}
0x3cc04875e98edf01065a4b27e00bcfeddb76cba8,0.003484320557,sdvt,{}
0x3eab5a7648db96a28e9d8ddf5356b1e600fb731d,0.003484320557,sdvt,{}
0x3f007863257846a76071cbc65586e4527051e8c1,0.003484320557,sdvt,{}
0x3fbf669c9a72f06c125032c6dd7aa1d1d51c5eb8,0.006968641115,sdvt,{}
0x4420559d41b04cc68f91ef8b6cc7842a8384c203,0.003484320557,sdvt,{}
0x4491172eecc4bef5659b0ed33459a1a7b848d447,0.003484320557,sdvt,{}
0x45fbfa2c2d78632fcdf6f5edb3c693c7bfb6bcde,0.003484320557,sdvt,{}
0x462f0560e473e1545fd4d0680c02c499aaf01711,0.003484320557,sdvt,{}
0x47ab19ad14faf69e67bca1e79370d808a3b9525f,0.003484320557,sdvt,{}
0x4a7670395b62a78a31935fd6f3925e1aaee1b123,0.006968641115,sdvt,{}
0x4a8d53f9c3dcacc05b5a1923fa2bc41ea7cc64cd,0.003484320557,sdvt,{}
0x4c248c9e22ef8d56bca46a08e62aec654e1dff53,0.003484320557,sdvt,{}
0x4eb9a761885eb383a422067af4f7279dfc204745,0.003484320557,sdvt,{}
0x4eeb252ea907a972688ec0bba7d68327e9869285,0.003484320557,sdvt,{}
0x4f8f32bd0f6773c0ba59c326c88d0412c714dbb5,0.003484320557,sdvt,{}
0x4f9be993e7c24151405cb530426a6bbf26c803a0,0.003484320557,sdvt,{}
0x52903903d93da6b7b40bceb3fb2a52090dcbebbb,0.003484320557,sdvt,{}
0x53390590476dc98860316e4b46bb9842af55efc4,0.003484320557,sdvt,{}
0x55ad9fb7193b0f23fe32718ce3befe4a90da061c,0.003484320557,sdvt,{}
0x56a64476be449952fb7cd5915c1ae08d188644c4,0.003484320557,sdvt,{}
0x5746b903703c1a589cd318bd987a962c37008f49,0.003484320557,sdvt,{}
0x581e86115c7f0928b893e67d08cba6737b9d8acb,0.003484320557,sdvt,{}
0x5a2a2758ad3d721cdf165917be05f54e587c1b40,0.003484320557,sdvt,{}
0x5bb05323427b6646325b34d7602c1de12f79efb3,0.003484320557,sdvt,{}
0x5c4c4133a2166ee8a43cbd182db4cadca5366eaf,0.003484320557,sdvt,{}
0x5cdf7402cb6a36067f146fc144df95d0aed62e6c,0.003484320557,sdvt,{}
0x5dee3232f7d6ba2845d2e007aca6fad8e390b314,0.003484320557,sdvt,{}
0x5deea49b127ed42dc23dbc968a4cb46ff6e66299,0.003484320557,sdvt,{}
0x5f303640a003d665ccfb76d28176a494469a8ce8,0.003484320557,sdvt,{}
0x60aa666bcef5e9a3393c6b203690abc2ea76f06b,0.003484320557,sdvt,{}
0x6175ced4e67e44cd73d87d2379d428e9468f579b,0.003484320557,sdvt,{}
0x626dd8ceb6be6121982d2eef2f772455d841047c,0.003484320557,sdvt,{}
0x64867f5bb09aea861c6eba9886a45983e76f0e99,0.003484320557,sdvt,{}
0x64a041c3b1f1bda2396add0c75a4d07124161cbb,0.003484320557,sdvt,{}
0x65f17d076b7bacbf59618c60febcb8a7cfc2acc9,0.003484320557,sdvt,{}
0x665157387c1bb1244ac57e02ddf2def48adc219d,0.003484320557,sdvt,{}
0x6897abe0fd62b589260784b21f4ca3f78a0d8017,0.003484320557,sdvt,{}
0x68f06309fab6678389dd9005253e25f6c397bb51,0.003484320557,sdvt,{}
0x698c9f8017d2940370e63539b044305e6e03e013,0.003484320557,sdvt,{}
0x6a6c79d8da4d3b1c8963073529cd026b36817eb6,0.003484320557,sdvt,{}
0x6a7371210086ee6b5ad6a9291aa8655b6d1d1141,0.003484320557,sdvt,{}
0x6aa0757bc4ffdc9f0deb5e9fa08173c07ef2afcc,0.003484320557,sdvt,{}
0x6c7c332a090c8d2085857cf3220ea01c6d45a723,0.006968641115,sdvt,{}
0x6e9a41a43351284a13f8449025e736334ed45b39,0.003484320557,sdvt,{}
0x6ef4397a6552905ee0d5f62d9b48a2a167aa7f43,0.003484320557,sdvt,{}
0x6f1fc2a9b903fc9f0edef09253b24aef5f50dd62,0.003484320557,sdvt,{}
0x6f802a1e8859052eb46ec1d6dee799b303c638e7,0.003484320557,sdvt,{}
0x7251e7549431b78cefef000d584c3356982ab0c9,0.003484320557,sdvt,{}
0x729250be25dc878dd400bf5bef702de77c83493e,0.003484320557,sdvt,{}
0x72936c991cb0a738728e9d2a8d5875fb5096a0c2,0.003484320557,sdvt,{}
0x72ebc90f0e3457a1ff6b000dc9b1aa152ee82974,0.003484320557,sdvt,{}
0x72fa66c195126c3257b287b37dd3bd724baf9e59,0.003484320557,sdvt,{}
0x765c6a8f20c842e8c826b0d9425015784f982afc,0.006968641115,sdvt,{}
0x772213aad4c6b37d2cc0fa3b74f9ace5a028b8c8,0.003484320557,sdvt,{}
0x7765ffd90db97c2473315063203affce3998d937,0.003484320557,sdvt,{}
0x7787c9dcd9bb2c3894f71b33dc0ebb5ce46b6d59,0.003484320557,sdvt,{}
0x7897a596cb18d366ddc75914191d98a8d5c3c2c9,0.003484320557,sdvt,{}
0x78b9ff33cfbe1b6b6914e38ada0593cc04d0fe39,0.003484320557,sdvt,{}
0x7c0819379c5ff2a0cfae44bcae210934760f9e3f,0.003484320557,sdvt,{}
0x7c75cb0d1136ebe764208f9a807d35510025b12c,0.006968641115,sdvt,{}
0x7cb698e45d970fd01150f89e2f1706d4bf804246,0.003484320557,sdvt,{}
0x7d0f205f4a7f10b7b1c6282193aa202dc16fbbbe,0.003484320557,sdvt,{}
0x7d800a412ca8d1abda9c918accc74ca5ce5b19c8,0.006968641115,sdvt,{}
0x7d992742d02ad7e5f8c030e28791e6035c438d72,0.003484320557,sdvt,{}
0x7e3f02de2f15989ec561beef697d928c2ee9edc3,0.003484320557,sdvt,{}
0x7ebfbccc0d779c5c9628db8268d00d1ecc79ad6d,0.003484320557,sdvt,{}
0x81d38529febf3ef9a88b88e7193eec1f245a7ad5,0.003484320557,sdvt,{}
0x823817c6a6f2e78093341c18231ad28b29ad35e3,0.003484320557,sdvt,{}
0x82907132791365aa7b50d7ba6bdd2d1d931b121f,0.006968641115,sdvt,{}
0x82a6665ec0d31e79fc1ba807cc314c49ad1a9013,0.003484320557,sdvt,{}
0x854711f82e1df2dc0278f623e9c66a2dbef5389a,0.003484320557,sdvt,{}
0x8607d264ea59264985b376e7a3d77de93bda597a,0.003484320557,sdvt,{}
0x87138ead456276321663c8cb0b7a5c4ca1278850,0.003484320557,sdvt,{}
0x877a8f5107bac127ca4ac7237591b062c412500b,0.003484320557,sdvt,{}
0x888880f5573159e378fdece526f5d73e6f47f595,0.003484320557,sdvt,{}
0x888a13448567d77ad16d578527a4174cb4be9000,0.003484320557,sdvt,{}
0x8a1b73a88e1854dd3eebee4354bd4dba23861e3a,0.003484320557,sdvt,{}
0x8b5b54634d0f798a9a7f90d57b1e99ac54219149,0.003484320557,sdvt,{}
0x8d0eefa504af1116b29bfb1bf65e76b830ee3982,0.003484320557,sdvt,{}
0x8ef3fa40a403d4174da03769f3b514e729ff0cd5,0.003484320557,sdvt,{}
0x90241786f3ee61a3295400dea582c848c171cafb,0.003484320557,sdvt,{}
0x90f1cfbebaa6e4a52f4e15a026d7f6d9ea2aacc4,0.003484320557,sdvt,{}
0x915b13028f00c6b0bef03a88ddf1bfd5bd601b19,0.003484320557,sdvt,{}
0x916727c5ba43d3f4c96ea7c0b163b3ff59094da2,0.003484320557,sdvt,{}
0x91ec68005d3114771f158f87224825965230a974,0.003484320557,sdvt,{}
0x92c19c1dc5a7d002d0072702d9124dd6aa0a5071,0.003484320557,sdvt,{}
0x94bf125ef30a7a496657d31216b7fd172929e298,0.003484320557,sdvt,{}
0x952283c92c8d44f88411977bffc681b9db98c6c4,0.003484320557,sdvt,{}
0x96e4e2ebbeff1f45bfb678695628fa7a0398de1c,0.003484320557,sdvt,{}
0x973f8bb0b68e6c240aa47f3e634cdd6404d468a6,0.003484320557,sdvt,{}
0x97403a22ec3d9d5ef1939f8316e3b9ced35ddca1,0.003484320557,sdvt,{}
0x97435db5c546c83268cb57f2932e5fa343530e11,0.003484320557,sdvt,{}
0x97a171f653fe35a296820d6ecbda8363efde8b54,0.003484320557,sdvt,{}
0x97de5243906035a503f2f1c52513a3e2d5080da5,0.003484320557,sdvt,{}
0x9a2b02de5bc65ca76ee899b89c400d5d27f50001,0.003484320557,sdvt,{}
0x9a415abd31c606abd8859b90dcda498a6d931cdc,0.006968641115,sdvt,{}
0x9c09926927201527812364cf97aa9bb962a638b5,0.003484320557,sdvt,{}
0x9d412ef6bfc03c816c780bad7ce3654281ede184,0.003484320557,sdvt,{}
0x9dff7476d17c43fc7b33d4ff7637a9b63dc228cb,0.003484320557,sdvt,{}
0x9e263a4434466b21e6a4e90efcc2374a0ce9581f,0.003484320557,sdvt,{}
0x9e418f5a21a7ebefb66190bfcbdd42216ea4a6a7,0.003484320557,sdvt,{}
0x9f2bb4f166d77e4f72ce291a3a2654bc014d2a6c,0.003484320557,sdvt,{}
0x9f6b7f6a018955ae8a98c4f0e6d45f2b3c1d70c4,0.003484320557,sdvt,{}
0xa0181758b14efb2dadfec66d58251ae631e2b942,0.003484320557,sdvt,{}
0xa49224407bfbcfced35d70657f44041b8e162ef9,0.003484320557,sdvt,{}
0xa4cd26a567908aac033b3d8a61e8f0fde844d384,0.003484320557,sdvt,{}
0xa5c6418d1bb26fe336cf5ee32dc203f5c249ce99,0.003484320557,sdvt,{}
0xa5f3e907ca439d7732e7a6b9ba20610990b65e8c,0.003484320557,sdvt,{}
0xa7a23c9d8b3c6f471d554749ec1173839cdde4b6,0.003484320557,sdvt,{}
0xa9a06d77d55a7a72b59454508e7e88a4f0785053,0.003484320557,sdvt,{}
0xab402d5f93fdf5ec1ade26e9c295a04ddc522a06,0.003484320557,sdvt,{}
0xab420847576faca8f228a274d5e1e07d2ae98ac4,0.003484320557,sdvt,{}
0xabff1e9cfa87ee14fee544c64957392852d9113d,0.003484320557,sdvt,{}
0xac162fe3a19fdc96eed6da35d6f7fda3902f4b8c,0.003484320557,sdvt,{}
0xac2bdb872655572f616879eb32e5fb81f336974c,0.003484320557,sdvt,{}
0xad362d21bf2b8b905342e55e1ae7b5251a06a57f,0.003484320557,sdvt,{}
0xafbd66706f90bc56d29c39a260930b34b2757ed8,0.010452961672,sdvt,{}
0xb0528351c49ca7950c2f8ced526202ff4e69bfe3,0.003484320557,sdvt,{}
0xb1902208340e13c716591e8e626e75e3e30ed113,0.003484320557,sdvt,{}
0xb23bbd9aa7f2dc7e8f2bf93cc4e6ac728b1dcf17,0.003484320557,sdvt,{}
0xb2b3d54465a4281e99f76ff354742679c42bad08,0.003484320557,sdvt,{}
0xb2db644bab191cadc7f240e0e38df836bd7f0cd6,0.003484320557,sdvt,{}
0xb2f3aed8ef84ad40484fc71ebb1301b8c8b4785f,0.003484320557,sdvt,{}
0xb3daf38b0e8629744cc25351bd4b6a9423a7cbef,0.003484320557,sdvt,{}
0xb4fe0f67f4ece794adfaa37034032f68fff0b974,0.006968641115,sdvt,{}
0xb7c215473e46a61cf6928e02069d1817db9b1712,0.003484320557,sdvt,{}
0xb8950c47e8b9e539601cb47a167de8bf4cb1289e,0.003484320557,sdvt,{}
0xb91d5a05ec5298d69cde53ab688ffab63bf16a0e,0.006968641115,sdvt,{}
0xb9d1ec7913605b2b3db67546a05efad9960e21b9,0.003484320557,sdvt,{}
0xb9ed56cb5b6c6fe436c77d43b03903f572b052e3,0.003484320557,sdvt,{}
0xba00d14d32a2fec5478162062543e7e84998e0aa,0.006968641115,sdvt,{}
0xba1cf8a6709a907aa8708b4d05701c1991a7f259,0.003484320557,sdvt,{}
0xbb338d474184297b1f38025cab983bfe9cf7fc12,0.003484320557,sdvt,{}
0xbb557a02f52e01a5fa4b57573bbe9631a1906df9,0.003484320557,sdvt,{}
0xbbbf18a1728abec13e413aea053206c37c4bb1dd,0.003484320557,sdvt,{}
0xbbfc128b332418969a3fa37d7cf866055401cfa4,0.003484320557,sdvt,{}
0xbc44ccb8f69032372cb0661480aca53351e468cd,0.003484320557,sdvt,{}
0xbd286ac236fa0752ae4bea89a8b6936ea197fc56,0.003484320557,sdvt,{}
0xbdfe0e381933666ac1417189495be2ac6921ced1,0.003484320557,sdvt,{}
0xbe6d84a503908f7ade8471d4f4b5bed5ecca4643,0.003484320557,sdvt,{}
0xbeb6350757fb9048cf517c540329d665a8960d4d,0.006968641115,sdvt,{}
0xc007e37b4d85a24669f7784f26712739586c5a4c,0.006968641115,sdvt,{}
0xc425de73a1861ce0e65cc18531fbb185aaf24e46,0.003484320557,sdvt,{}
0xc653e9188532238a36dd2c02d63ee1931f3e46f0,0.003484320557,sdvt,{}
0xc73d1f2de4b17be53cb4792ca56e7716cd070495,0.003484320557,sdvt,{}
0xc771a77617fba4403e70e1fe0b1d4131e00ae273,0.003484320557,sdvt,{}
0xca6817dab36850d58375a10c78703ce49d41d25a,0.006968641115,sdvt,{}
0xcadb094f8711df4ce2ae4bdf41e3e19d7a521266,0.003484320557,sdvt,{}
0xcbe4a1d4e98d8c330dfdb461001e7dc2c458f4ff,0.003484320557,sdvt,{}
0xcc165987007ada429807b7c7f29b050683bc8cb7,0.003484320557,sdvt,{}
0xceb79934f00bd41a8749965b78824fb157bd2e9f,0.003484320557,sdvt,{}
0xcef78991df18b131eed7bbf91c3c7da2e78338e5,0.010452961672,sdvt,{}
0xcf2e5db58db8d9ece60d1b4e2667c3f84ee21516,0.003484320557,sdvt,{}
0xd0ebcf4b49a1dfebec5e2dd9e84a523e84e7cdb4,0.003484320557,sdvt,{}
0xd114b0fc5bcd540cd8a6627705103fb530a4db16,0.003484320557,sdvt,{}
0xd248e620bf3d9e915e789714ec2bc38461cecfab,0.003484320557,sdvt,{}
0xd2dd2307383b392fe36908fb58bc0258ef560b26,0.006968641115,sdvt,{}
0xd41fb19bafc0949cfdd8c25675ec4098fef41cb0,0.010452961672,sdvt,{}
0xd42f7e082ce42d89797775b5b328c54df7a22726,0.010452961672,sdvt,{}
0xd5ee523e537e3e01540e5a330589b007534109e6,0.006968641115,sdvt,{}
0xd629cd5bb273ac1a43ec82b8b4e60aa1e91b954f,0.003484320557,sdvt,{}
0xd7f5b619441fafe525ea3abebcd4a961c1227426,0.003484320557,sdvt,{}
0xd820c5a05e79fc06ef7e54377f902d5d6fa1a0c4,0.006968641115,sdvt,{}
0xd8d93e91ea5f24d0e2a328bc242055d40f00be1a,0.003484320557,sdvt,{}
0xda5bad74ece4cc5a2b3eb1d7fcaee26d35fda890,0.003484320557,sdvt,{}
0xda752a97a4972a0fb6b977d75759343096fabb5d,0.003484320557,sdvt,{}
0xdaaf3c8f3d6accdef64b814e4267d861cf546391,0.003484320557,sdvt,{}
0xdb5dc738a9361ac109e4b9bb8813b35680a2e6b2,0.003484320557,sdvt,{}
0xde621223d04b38179b92e3c98a2f92fdf86efc98,0.003484320557,sdvt,{}
0xde75e318519c38d205041096385ddb041a9123e4,0.003484320557,sdvt,{}
0xe191bb75dcd4c3482124a4eaa945026af4bbe5a2,0.003484320557,sdvt,{}
0xe556da28015c04f35a52b3111b9f4120e908056e,0.003484320557,sdvt,{}
0xe7f373d652bea36dade8a5ba8bd6689e9b9f6673,0.003484320557,sdvt,{}
0xea839fa4c85203d96d989623e335a4d8e86e9f66,0.003484320557,sdvt,{}
0xef6ee1ece8664605493e69de51f490c096beeaa7,0.003484320557,sdvt,{}
0xf08e22139f77506e6aacd84184d92cc1b79a77e4,0.006968641115,sdvt,{}
0xf1855aa2700349958a9cc27bd9262c444d8d4999,0.003484320557,sdvt,{}
0xf3bf9ddba413825e5ddf92d15b09c2abd8d190dd,0.003484320557,sdvt,{}
0xf4611d1eb66a101edb85c8aaaa8d211f918356be,0.003484320557,sdvt,{}
0xf4a920a1c9764cdd56bae4b40db355f8713617ee,0.003484320557,sdvt,{}
0xf4f07681ae8441d69939e4a9d09056720f6b9ef8,0.003484320557,sdvt,{}
0xf52ec5dfe11d16c13b2c52ae94fd4ec6528996fa,0.010452961672,sdvt,{}
0xf57d4b3c1304ee65e9d51b2eeaebe8cc307b0f22,0.003484320557,sdvt,{}
0xf66c2f02d43010c0ed665dd35fb12f21cf4fadb3,0.003484320557,sdvt,{}
0xf76f2479d4a3d96134c0e64008df612662864520,0.003484320557,sdvt,{}
0xf7e2e135f434dba9faf29e375f54f6f6a2004854,0.003484320557,sdvt,{}
0xf8055141fc5f66a91871bdafa606b419f12f1d1d,0.003484320557,sdvt,{}
0xf8d307bc22158c8b1852881da9a7dbd97dfd7df3,0.003484320557,sdvt,{}
0xf93c8f32eb376ce1fc800e67c8e5c69b4846f535,0.003484320557,sdvt,{}
0xfb6091bed2d9a7ca758fef33e724726febe58cdf,0.003484320557,sdvt,{}
0xfbc36c37f580dd41e4e0cf5e4381483153d39c4d,0.003484320557,sdvt,{}
0xfc9b404b198c7d35110903a5570299cd642999ff,0.003484320557,sdvt,{}
0xfce8be4cd5093a97649a2c621cdad40dec36297d,0.003484320557,sdvt,{}
0xfd039015e6f6cf6a2805de5564c32f65ea65d8a2,0.003484320557,sdvt,{}
0xfd660518dc1b52d9f67facd42bbba962b06b8e54,0.003484320557,sdvt,{}
0xfe003428a2c67bfd3b51b6c8d9a0b28fdfd3b8bf,0.006968641115,sdvt,{}
0xfea66cb7571e251c4fc000beaf0ef771d5c78793,0.003484320557,sdvt,{}
0xfeef177e6168f9b7fd59e6c5b6c2d87ff398c6fd,0.003484320557,sdvt,{}
